wf,method,energy,energy_err
n,dmc,-134.24174352857568,0.0004475504138508489
n+1,dmc,-134.1762512820947,0.0008713105742987024
n-1,dmc,-133.9903805866179,0.000694638228388949
